brugada_accuracy,brugada_precision,brugada_recall,brugada_f1,brugada_f2,brugada_auc,basal_pattern_accuracy,basal_pattern_precision,basal_pattern_recall,basal_pattern_f1,basal_pattern_f2,basal_pattern_auc
0.8,0.5333333333333333,0.6666666666666666,0.5925925925925926,0.6349206349206349,0.8255813953488372,0.9090909090909091,0.75,0.42857142857142855,0.5454545454545454,0.46875,0.8095238095238095
