brugada_accuracy,brugada_precision,brugada_recall,brugada_f1,brugada_f2,brugada_auc,basal_pattern_accuracy,basal_pattern_precision,basal_pattern_recall,basal_pattern_f1,basal_pattern_f2,basal_pattern_auc
0.8727272727272727,0.7272727272727273,0.6666666666666666,0.6956521739130435,0.6779661016949152,0.7984496124031008,0.8545454545454545,1.0,0.1111111111111111,0.2,0.13513513513513514,0.5869565217391304
