brugada_accuracy,brugada_precision,brugada_recall,brugada_f1,brugada_f2,brugada_auc,basal_pattern_accuracy,basal_pattern_precision,basal_pattern_recall,basal_pattern_f1,basal_pattern_f2,basal_pattern_auc
0.7454545454545455,0.4444444444444444,0.6666666666666666,0.5333333333333333,0.6060606060606061,0.8178294573643412,0.9090909090909091,1.0,0.16666666666666666,0.2857142857142857,0.2,0.6122448979591837
