brugada_accuracy,brugada_precision,brugada_recall,brugada_f1,brugada_f2,brugada_auc,basal_pattern_accuracy,basal_pattern_precision,basal_pattern_recall,basal_pattern_f1,basal_pattern_f2,basal_pattern_auc
0.7272727272727273,0.4117647058823529,0.5833333333333334,0.4827586206896552,0.5384615384615384,0.75,0.8181818181818182,0.25,0.125,0.16666666666666666,0.1388888888888889,0.6781914893617021
