brugada_accuracy,brugada_precision,brugada_recall,brugada_f1,brugada_f2,brugada_auc,sudden_death_accuracy,sudden_death_precision,sudden_death_recall,sudden_death_f1,sudden_death_f2,sudden_death_auc
0.8363636363636363,0.5882352941176471,0.8333333333333334,0.6896551724137931,0.7692307692307693,0.8662790697674418,0.9272727272727272,0.0,0.0,0.0,0.0,0.14814814814814814
