brugada_accuracy,brugada_precision,brugada_recall,brugada_f1,brugada_f2,brugada_auc,sudden_death_accuracy,sudden_death_precision,sudden_death_recall,sudden_death_f1,sudden_death_f2,sudden_death_auc
0.8545454545454545,0.6111111111111112,0.9166666666666666,0.7333333333333333,0.8333333333333334,0.9573643410852712,0.9818181818181818,0.0,0.0,0.0,0.0,0.03703703703703709
