brugada_accuracy,brugada_precision,brugada_recall,brugada_f1,brugada_f2,brugada_auc,basal_pattern_accuracy,basal_pattern_precision,basal_pattern_recall,basal_pattern_f1,basal_pattern_f2,basal_pattern_auc
0.6909090909090909,0.41379310344827586,1.0,0.5853658536585366,0.7792207792207793,0.8488372093023255,0.6545454545454545,0.11764705882352941,0.3333333333333333,0.17391304347826086,0.24390243902439024,0.37755102040816324
