brugada_accuracy,brugada_precision,brugada_recall,brugada_f1,brugada_f2,brugada_auc,basal_pattern_accuracy,basal_pattern_precision,basal_pattern_recall,basal_pattern_f1,basal_pattern_f2,basal_pattern_auc
0.8363636363636363,0.5714285714285714,1.0,0.7272727272727273,0.8695652173913043,0.9806201550387597,0.7636363636363637,0.2857142857142857,0.5714285714285714,0.38095238095238093,0.47619047619047616,0.8244047619047619
